<?xml version="1.0" encoding="UTF-8"?>
<addon
  id="plugin.video.SportsDevil"
  version="2018.06.21"
  name="SportsDevil"
  provider-name="SportsDevil">
  <requires>
   <import addon="xbmc.python" version="2.14.0"/>
   <import addon="script.module.dateutil" />
   <import addon="script.module.simplejson" />
   <import addon="script.module.six" />
   <import addon="script.module.requests" />   
   <import addon="plugin.video.f4mTester" />
   <import addon="script.module.slproxy" />
  </requires>
  <extension 
    point="xbmc.python.pluginsource"
    library="default.py">
   <provides>video</provides>
  </extension>
  <!-- <extension point="xbmc.service" library="service/streamlink_proxy.py" /> -->
  <extension point="xbmc.addon.metadata">
    <summary lang="en">SportsDevil</summary>
    <description lang="en">[I]There can only be one.[/I][CR][CR]Unofficial Kodi Addon.</description>
    <disclaimer lang="en">There can only be one.</disclaimer>
    <license>GNU GENERAL PUBLIC LICENSE. Version 2, June 1991</license>
    <platform>all</platform>
  </extension>
</addon>
