<?xml version="1.0" encoding="UTF-8"?>
<addon id="repository.blackghostaddon" name="Black Repositorio" version="1.0" provider-name="blackghostaddon">
        <requires>
            <import addon="xbmc.addon" version="12.0.0"/>
        </requires>
        <extension point="xbmc.addon.repository" name="Black Repositorio Oficial">
            <info compressed="false">http://blackghost.ihostfull.com/repo/addons.xml</info>
            <checksum>http://blackghost.ihostfull.com/repo/addons.xml.md5</checksum>
            <datadir zip="true">http://blackghost.ihostfull.com/repo/</datadir>
        </extension>
        <extension point="xbmc.addon.metadata">
            <summary>Repositorio para BlackGhost </summary>
            <description>Repositorio que pertenece a BlackGhost.</description>
            <platform>all</platform>
    </extension>
</addon>

