<?xml version="1.0" encoding="UTF-8" standalone="yes"?>
<addon id="script.blackghost" name="Instalador BlackGhost" version="0.1" provider-name="blackaddon.com">
    <requires>
        <import addon="xbmc.python" version="2.25.0"/>


    </requires>
    <extension point="xbmc.python.script" library="autoexec.py">
        <provides>executable</provides>
    </extension>
	<extension point="xbmc.service" library="main.py">
	</extension>
    <extension point="xbmc.addon.metadata">
        <summary lang="en_US">Instalador BlackGhost.</summary>
        <description lang="en_US"></description>
        <language></language>
        <platform>all</platform>
        <license>unlicense</license>
    </extension>
</addon>
