<?xml version="1.0" encoding="UTF-8" standalone="yes"?>
<addon id="script.module.streamlink.base" name="Streamlink Library" version="2019.03.20" provider-name="Streamlink Devs, Twilight0">
  <requires>
    <import addon="xbmc.python" version="2.24.0"/>
    <import addon="script.module.requests" version="2.12.4"/>
    <import addon="script.module.futures" version="2.2.0"/>
    <import addon="script.module.streamlink.crypto" version="1.5.0"/>
    <import addon="script.module.elementtree" optional="true"/>
  </requires>
  <extension point="xbmc.python.module" library="resources/lib/"/>
  <extension point="xbmc.addon.metadata">
    <summary>Streamlink Library</summary>
    <description>Streamlink Library for Kodi</description>
    <platform>all</platform>
    <license>Simplified BSD</license>
    <source>https://github.com/Twilight0/script.module.streamlink.base/</source>
    <language>en</language>
    <assets>
        <icon>icon.png</icon>
    </assets>
    <news>+ 2019.03.17
- Fixed icon
- Updated changelog.txt
- Moved and updated six module into utils directory

+ 2019.03.16
- Updated to latest upstream commit e96c725cb553027dd1ca7b1c278211b57947b05c

+ 2018.12.05
- Corrected icon asset location, ensuring backwards compatibility</news>
  </extension>
</addon>
