<addon id="plugin.video.cristalazul"
       name="[COLOR aqua]CRISTAL AZUL[/COLOR][COLOR lightblue]BLACK.EDITION[/COLOR]"
       version="99"
       provider-name="PICAPAU, LOURDES, SUPERTOPO, LUISMA, BLACKGHOST">
  <requires>
    <import addon="xbmc.python" version="2.1.0"/>
    <import addon="script.module.beautifulsoup" version="3.2.1"/>
    <import addon="script.module.simple.downloader" version="0.9.4"/>
    <import addon="script.module.requests" />
    <import addon="script.module.httplib2" />
    <import addon="script.module.liveresolver" version="0.1.24" optional="true"/>
    <import addon="script.module.youtube.dl" optional="true"/>
    <import addon="plugin.video.youtube" optional="true" />  
    <import addon="script.module.livestreamer" optional="true"/>
    <import addon="script.module.slproxy" optional="true"/>
    <import addon="script.module.pyamf" optional="true"/>
  </requires>
  <extension point="xbmc.python.pluginsource" library="default.py">
    <provides>video</provides>
  </extension>


<extension point="xbmc.addon.metadata">
    <summary>creado por picapau, lourdes, supertopo, luisma y BLACKGHOST</summary>
    <description>ESTE ADDON NO CONTIENE ENLACES PROPIOS,SON RECOPILACIONES DE LA RED, SOLO SE FACILITA EL ACESSO A ESAS WEBS, ESTAS WEBS SON LAS RESPONSABLES DE LOS CONTENIDOS
	</description>ºº
    <platform>all</platform>
	  <assets>
		<icon>icon.png</icon>
		<fanart>fanart.jpg</fanart>
	  </assets>
  </extension>
</addon>