<?xml version="1.0" encoding="UTF-8" standalone="yes"?>
<addon id="script.module.tvone" name="tvOne" version="8.1" provider-name="RACC">
  <requires>
    <import addon="xbmc.python" version="2.1.0"/>
    <import addon="script.module.pyamf" />
    <import addon="script.module.requests" />
    <import addon="script.module.routing" />
  </requires>
  <extension point="xbmc.python.module" library="addon.py">
	<provides>all</provides>
  </extension>
  <extension point="xbmc.addon.metadata">
    <reuselanguageinvoker>true</reuselanguageinvoker>
    <summary lang="en_gb">tvOne1111</summary>
    <description lang="en_gb">tvOne1111 script module</description>
    <disclaimer lang="en_gb"></disclaimer>
    <language></language>
    <platform>all</platform>
    <license></license>
    <forum></forum>
    <website></website>
    <email></email>
    <source></source>
  </extension>
</addon>
